Index Name,i7 Bases in Adapter,i7 Bases for Sample Sheet,i5 Bases in Adapter,i5 Bases for Sample Sheet in Forward Orientation,i5 Bases for Sample Sheet in Reverse Complement Orientation
UDP0097,CTGACCGGCA,TGCCGGTCAG,CCTGATACAA,CCTGATACAA,TTGTATCAGG
UDP0098,GAATTGAGTG,CACTCAATTC,TTAAGTTGTG,TTAAGTTGTG,CACAACTTAA
UDP0099,GCGTGTGAGA,TCTCACACGC,CGGACAGTGA,CGGACAGTGA,TCACTGTCCG
UDP0100,TCTCCATTGA,TCAATGGAGA,GCACTACAAC,GCACTACAAC,GTTGTAGTGC
UDP0101,ACATGCATAT,ATATGCATGT,TGGTGCCTGG,TGGTGCCTGG,CCAGGCACCA
UDP0102V3,TTGAAGCTAG,CTAGCTTCAA,TGTGTAAGCT,TGTGTAAGCT,AGCTTACACA
UDP0103,ACATAACGGA,TCCGTTATGT,TTGTAGTGTA,TTGTAGTGTA,TACACTACAA
UDP0104,TTAATAGACC,GGTCTATTAA,CCACGACACG,CCACGACACG,CGTGTCGTGG
UDP0105,ACGATTGCTG,CAGCAATCGT,TGTGATGTAT,TGTGATGTAT,ATACATCACA
UDP0106,TTCTACAGAA,TTCTGTAGAA,GAGCGCAATA,GAGCGCAATA,TATTGCGCTC
UDP0107,TATTGCGTTC,GAACGCAATA,ATCTTACTGT,ATCTTACTGT,ACAGTAAGAT
UDP0108,CATGAGTACT,AGTACTCATG,ATGTCGTGGT,ATGTCGTGGT,ACCACGACAT
UDP0109,TAATTCTACC,GGTAGAATTA,GTAGCCATCA,GTAGCCATCA,TGATGGCTAC
UDP0110,ACGCTAATTA,TAATTAGCGT,TGGTTAAGAA,TGGTTAAGAA,TTCTTAACCA
UDP0111,CCTTGTTAAT,ATTAACAAGG,TGTTGTTCGT,TGTTGTTCGT,ACGAACAACA
UDP0112,GTAGCCATCA,TGATGGCTAC,CCAACAACAT,CCAACAACAT,ATGTTGTTGG
UDP0113,CTTGTAATTC,GAATTACAAG,ACCGGCTCAG,ACCGGCTCAG,CTGAGCCGGT
UDP0114,TCCAATTCTA,TAGAATTGGA,GTTAATCTGA,GTTAATCTGA,TCAGATTAAC
UDP0115,AGAGCTGCCT,AGGCAGCTCT,CGGCTAACGT,CGGCTAACGT,ACGTTAGCCG
UDP0116,CTTCGCCGAT,ATCGGCGAAG,TCCAAGAATT,TCCAAGAATT,AATTCTTGGA
UDP0117,TCGGTCACGG,CCGTGACCGA,CCGAACGTTG,CCGAACGTTG,CAACGTTCGG
UDP0118,GAACAAGTAT,ATACTTGTTC,TAACCGCCGA,TAACCGCCGA,TCGGCGGTTA
UDP0119,AATTGGCGGA,TCCGCCAATT,CTCCGTGCTG,CTCCGTGCTG,CAGCACGGAG
UDP0120,GGCCTGTCCT,AGGACAGGCC,CATTCCAGCT,CATTCCAGCT,AGCTGGAATG
UDP0121,TAGGTTCTCT,AGAGAACCTA,GGTTATGCTA,GGTTATGCTA,TAGCATAACC
UDP0122,ACACAATATC,GATATTGTGT,ACCACACGGT,ACCACACGGT,ACCGTGTGGT
UDP0123,TTCCTGTACG,CGTACAGGAA,TAGGTTCTCT,TAGGTTCTCT,AGAGAACCTA
UDP0124,GGTAACGCAG,CTGCGTTACC,TATGGCTCGA,TATGGCTCGA,TCGAGCCATA
UDP0125,TCCACGGCCT,AGGCCGTGGA,CTCGTGCGTT,CTCGTGCGTT,AACGCACGAG
UDP0126,GATACCTCCT,AGGAGGTATC,CCAGTTGGCA,CCAGTTGGCA,TGCCAACTGG
UDP0127,CAACGTCAGC,GCTGACGTTG,TGTTCGCATT,TGTTCGCATT,AATGCGAACA
UDP0128,CGGTTATTAG,CTAATAACCG,AACCGCATCG,AACCGCATCG,CGATGCGGTT
UDP0129,CGCGCCTAGA,TCTAGGCGCG,CGAAGGTTAA,CGAAGGTTAA,TTAACCTTCG
UDP0130,TCTTGGCTAT,ATAGCCAAGA,AGTGCCACTG,AGTGCCACTG,CAGTGGCACT
UDP0131,TCACACCGAA,TTCGGTGTGA,GAACAAGTAT,GAACAAGTAT,ATACTTGTTC
UDP0132,AACGTTACAT,ATGTAACGTT,ACGATTGCTG,ACGATTGCTG,CAGCAATCGT
UDP0133,CGGCCTCGTT,AACGAGGCCG,ATACCTGGAT,ATACCTGGAT,ATCCAGGTAT
UDP0134,CATAACACCA,TGGTGTTATG,TCCAATTCTA,TCCAATTCTA,TAGAATTGGA
UDP0135,ACAGAGGCCA,TGGCCTCTGT,TGAGACAGCG,TGAGACAGCG,CGCTGTCTCA
UDP0136,TGGTGCCTGG,CCAGGCACCA,ACGCTAATTA,ACGCTAATTA,TAATTAGCGT
UDP0137,TAGGAACCGG,CCGGTTCCTA,TATATTCGAG,TATATTCGAG,CTCGAATATA
UDP0138,AATATTGGCC,GGCCAATATT,CGGTCCGATA,CGGTCCGATA,TATCGGACCG
UDP0139,ATAGGTATTC,GAATACCTAT,ACAATAGAGT,ACAATAGAGT,ACTCTATTGT
UDP0140,CCTTCACGTA,TACGTGAAGG,CGGTTATTAG,CGGTTATTAG,CTAATAACCG
UDP0141,GGCCAATAAG,CTTATTGGCC,GATAACAAGT,GATAACAAGT,ACTTGTTATC
UDP0142,CAGTAGTTGT,ACAACTACTG,AGTTATCACA,AGTTATCACA,TGTGATAACT
UDP0143,TTCATCCAAC,GTTGGATGAA,TTCCAGGTAA,TTCCAGGTAA,TTACCTGGAA
UDP0144,CAATTGGATT,AATCCAATTG,CATGTAGAGG,CATGTAGAGG,CCTCTACATG
UDP0145V3,AACCTAGCAC,GTGCTAGGTT,TGAATATTGC,TGAATATTGC,GCAATATTCA
UDP0146V3,TGGTCGCTGT,ACAGCGACCA,CAGGAGCTCT,CAGGAGCTCT,AGAGCTCCTG
UDP0147V3,TCTGTGTGGA,TCCACACAGA,TTGTCGGATG,TTGTCGGATG,CATCCGACAA
UDP0148V3,CCTAACACTT,AAGTGTTAGG,GCTAGTTCCG,GCTAGTTCCG,CGGAACTAGC
UDP0149,ATTCAGAATC,GATTCTGAAT,AGCGGTGGAC,AGCGGTGGAC,GTCCACCGCT
UDP0150,GTATTCTCTA,TAGAGAATAC,TATAGATTCG,TATAGATTCG,CGAATCTATA
UDP0151,CCTGATACAA,TTGTATCAGG,ACAGAGGCCA,ACAGAGGCCA,TGGCCTCTGT
UDP0152,GACCGCTGTG,CACAGCGGTC,ATTCCTATTG,ATTCCTATTG,CAATAGGAAT
UDP0153,TTCAGCGTGG,CCACGCTGAA,TATTCCTCAG,TATTCCTCAG,CTGAGGAATA
UDP0154,AACTCCGAAC,GTTCGGAGTT,CGCCTTCTGA,CGCCTTCTGA,TCAGAAGGCG
UDP0155V3,AATACGACAT,ATGTCGTATT,TTCTTGCTGG,TTCTTGCTGG,CCAGCAAGAA
UDP0156,TGAATATTGC,GCAATATTCA,GGCGCCAATT,GGCGCCAATT,AATTGGCGCC
UDP0157,CGCAATCTAG,CTAGATTGCG,AGATATGGCG,AGATATGGCG,CGCCATATCT
UDP0158,AACCGCATCG,CGATGCGGTT,CCTGCTTGGT,CCTGCTTGGT,ACCAAGCAGG
UDP0159,CTAGTCCGGA,TCCGGACTAG,GACGAACAAT,GACGAACAAT,ATTGTTCGTC
UDP0160,GCTCCGTCAC,GTGACGGAGC,TGGCGGTCCA,TGGCGGTCCA,TGGACCGCCA
UDP0161,AGATGGAATT,AATTCCATCT,CTTCAGTTAC,CTTCAGTTAC,GTAACTGAAG
UDP0162,ACACCGTTAA,TTAACGGTGT,TCCTGACCGT,TCCTGACCGT,ACGGTCAGGA
UDP0163,GATAACAAGT,ACTTGTTATC,CGCGCCTAGA,CGCGCCTAGA,TCTAGGCGCG
UDP0164,CTGGTACACG,CGTGTACCAG,AGGATAAGTT,AGGATAAGTT,AACTTATCCT
UDP0165,CGAAGGTTAA,TTAACCTTCG,AGGCCAGACA,AGGCCAGACA,TGTCTGGCCT
UDP0166,ATCGCATATG,CATATGCGAT,CCTTGAACGG,CCTTGAACGG,CCGTTCAAGG
UDP0167,ATCATAGGCT,AGCCTATGAT,CACCACCTAC,CACCACCTAC,GTAGGTGGTG
UDP0168,GATTGTCATA,TATGACAATC,TTGCTTGTAT,TTGCTTGTAT,ATACAAGCAA
UDP0169,CCAACAACAT,ATGTTGTTGG,CAATCTATGA,CAATCTATGA,TCATAGATTG
UDP0170,TTGGTGGTGC,GCACCACCAA,TGGTACTGAT,TGGTACTGAT,ATCAGTACCA
UDP0171,GCGAACGCCT,AGGCGTTCGC,TTCATCCAAC,TTCATCCAAC,GTTGGATGAA
UDP0172,CAACCGGAGG,CCTCCGGTTG,CATAACACCA,CATAACACCA,TGGTGTTATG
UDP0173,AGCGGTGGAC,GTCCACCGCT,TCCTATTAGC,TCCTATTAGC,GCTAATAGGA
UDP0174,GACGAACAAT,ATTGTTCGTC,TCTCTAGATT,TCTCTAGATT,AATCTAGAGA
UDP0175,CCACTGGTCC,GGACCAGTGG,CGCGAGCCTA,CGCGAGCCTA,TAGGCTCGCG
UDP0176,TGTTAGAAGG,CCTTCTAACA,GATAAGCTCT,GATAAGCTCT,AGAGCTTATC
UDP0177,TATATTCGAG,CTCGAATATA,GAGATGTCGA,GAGATGTCGA,TCGACATCTC
UDP0178,CGCGACGATC,GATCGTCGCG,CTGGATATGT,CTGGATATGT,ACATATCCAG
UDP0179V3,GACAGGTCGG,CCGACCTGTC,TGCTCATAAC,TGCTCATAAC,GTTATGAGCA
UDP0180,TGAGACAGCG,CGCTGTCTCA,ATTACTCACC,ATTACTCACC,GGTGAGTAAT
UDP0181,TGTTCGCATT,AATGCGAACA,AATTGGCGGA,AATTGGCGGA,TCCGCCAATT
UDP0182,TCCAAGAATT,AATTCTTGGA,TTGTCAACTT,TTGTCAACTT,AAGTTGACAA
UDP0183,GCTGTAGGAA,TTCCTACAGC,GGCGAATTCT,GGCGAATTCT,AGAATTCGCC
UDP0184,ATACCTGGAT,ATCCAGGTAT,CAACGTCAGC,CAACGTCAGC,GCTGACGTTG
UDP0185,GTTGGACCGT,ACGGTCCAAC,TCTTACATCA,TCTTACATCA,TGATGTAAGA
UDP0186,ACCAAGTTAC,GTAACTTGGT,CGCCATACCT,CGCCATACCT,AGGTATGGCG
UDP0187,GTGTGGCGCT,AGCGCCACAC,CTAATGTCTT,CTAATGTCTT,AAGACATTAG
UDP0188,GGCAGTAGCA,TGCTACTGCC,CAACCGGAGG,CAACCGGAGG,CCTCCGGTTG
UDP0189,TGCGGTGTTG,CAACACCGCA,GGCAGTAGCA,GGCAGTAGCA,TGCTACTGCC
UDP0190,GATTAAGGTG,CACCTTAATC,TTAGGATAGA,TTAGGATAGA,TCTATCCTAA
UDP0191,CAACATTCAA,TTGAATGTTG,CGCAATCTAG,CGCAATCTAG,CTAGATTGCG
UDP0192,GTGTTACCGG,CCGGTAACAC,GAGTTGTACT,GAGTTGTACT,AGTACAACTC